dato1,dato2,Clase
11.3034455,4.486347,C2
10.1644948,3.39302974,C2
9.36384167,3.4662791,C1
1.71758171,3.1736868,C1
6.26468703,3.38746862,C1
9.96948149,5.9384092,C2
